time,BTC-USD,ETH-USD,LTC-USD,XLM-USD
1548547200,3531.02,111.35,32.02,0.1062
1548633600,3429.95,105.47,30.96,0.105989
1548720000,3397.42,104.02,30.69,0.1081
1548806400,3437.55,107.61,31.53,0.108545
1548892800,3411.5,105.79,31.24,0.115505
1548979200,3437.5,105.88,32.37,0.111822
1549065600,3468.43,109.3,34.18,0.108801
1549152000,3414.78,105.94,32.87,0.105622
1549238400,3409.57,106.08,33.64,0.108345
1549324800,3428.4,106.0,33.95,0.106601
1549411200,3367.36,103.36,32.47,0.104027
1549497600,3359.0,103.21,32.85,0.099667
1549584000,3621.99,117.96,42.56,0.102149
1549670400,3623.73,118.06,44.2,0.107447
1549756800,3648.84,123.94,46.51,0.106298
1549843200,3590.36,119.55,42.37,0.107355
1549929600,3588.06,120.82,43.35,0.106863
1550016000,3576.68,120.74,41.21,0.108371
1550102400,3561.5,119.39,40.93,0.110335
1550188800,3566.59,120.42,42.08,0.122508
1550275200,3582.37,121.56,43.15,0.121
1550361600,3625.08,132.34,43.45,0.117699
1550448000,3867.0,144.62,47.34,0.127893
1550534400,3888.01,142.69,46.91,0.125201
1550620800,3938.99,147.19,51.08,0.133466
1550707200,3897.71,144.21,48.46,0.131338
1550793600,3942.02,146.68,49.07,0.125078
1550880000,4110.0,157.56,51.19,0.126564
1550966400,3734.22,131.76,43.57,0.115517
1551052800,3818.79,137.64,45.37,0.114
1551139200,3799.48,135.66,44.66,0.11594
1551225600,3799.91,134.46,44.96,0.118175
1551312000,3792.14,134.48,45.44,0.112492
1551398400,3806.17,134.72,46.81,0.115368
1551484800,3809.7,132.32,48.25,0.117432
1551571200,3786.93,129.78,47.49,0.117718
1551657600,3700.72,125.24,45.64,0.115855
1551744000,3844.59,136.3,52.3,0.115736
1551830400,3851.89,137.0,55.17,0.111877
1551916800,3857.05,136.29,56.51,0.11301
1552003200,3843.12,132.75,55.33,0.10957
1552089600,3917.0,136.41,57.43,0.103249
1552176000,3900.92,134.66,56.3,0.096924
1552262400,3849.68,132.05,54.65,0.097319
1552348800,3860.0,132.8,56.2,0.09808
1552435200,3851.02,131.16,55.06,0.095898
1552521600,3853.95,131.4,55.61,0.09405
1552608000,3902.8,135.99,58.13,0.099704
1552694400,3990.0,140.48,61.01,0.099802
1552780800,3967.01,138.07,60.29,0.097796
1552867200,3970.5,137.01,58.99,0.100222
1552953600,4000.85,138.15,59.29,0.097615
1553040000,4031.85,138.73,60.21,0.096
1553126400,3972.76,134.41,58.41,0.096061
1553212800,3983.78,135.63,59.12,0.092369
1553299200,3983.43,136.52,60.43,0.0917
1553385600,3969.52,135.37,59.46,0.08889
1553472000,3907.53,133.01,58.66,0.092891
1553558400,3921.45,133.28,58.48,0.104705
1553644800,4026.53,139.08,61.26,0.099018
1553731200,4011.17,137.46,60.26,0.100011
1553817600,4091.01,142.83,61.23,0.114922
1553904000,4094.14,142.12,60.25,0.144999
1553990400,4094.99,141.2,60.35,0.138693
1554076800,4137.0,141.0,60.35,0.132844
1554163200,4901.93,164.69,77.5,0.131519
1554249600,4975.97,161.33,85.6,0.143
1554336000,4906.49,157.65,84.95,0.135999
1554422400,5040.66,166.08,88.88,0.134878
1554508800,5049.22,165.79,92.37,0.122022
1554595200,5194.79,174.84,91.88,0.125551
1554681600,5285.54,180.74,89.49,0.125584
1554768000,5187.21,175.83,86.89,0.125646
1554854400,5318.58,177.55,88.43,0.134052
1554940800,5041.3,164.92,79.23,0.138466
1555027200,5078.19,164.27,78.92,0.139454
1555113600,5066.22,163.75,77.9,0.135532
1555200000,5164.27,168.27,83.77,0.129198
1555286400,5029.99,160.24,78.24,0.133472
1555372800,5202.9,166.38,80.89,0.1325
1555459200,5227.0,166.54,79.15,0.136886
1555545600,5281.81,174.15,82.07,0.127534
1555632000,5290.36,173.83,82.57,0.120849
1555718400,5319.89,173.73,81.69,0.121399
1555804800,5297.64,169.9,77.23,0.124948
1555891200,5387.6,171.58,76.93,0.127777
1555977600,5532.75,170.14,74.32,0.124308
1556064000,5441.9,165.75,73.14,0.11909
1556150400,5134.81,152.05,70.67,0.123412
1556236800,5159.51,153.41,71.64,0.123056
1556323200,5170.6,155.66,70.55,0.127504
1556409600,5155.0,153.19,67.78,0.124663
1556496000,5148.25,152.36,66.55,0.125678
1556582400,5270.69,160.4,73.51,0.127399
1556668800,5321.15,158.3,72.52,0.1299
1556755200,5390.01,158.7,72.16,0.130899
1556841600,5657.4,164.74,77.72,0.123754
1556928000,5770.01,161.85,76.92,0.124457
1557014400,5715.86,161.25,74.79,0.12139
1557100800,5687.9,171.07,74.09,0.12382
1557187200,5748.45,166.51,73.33,0.129189
1557273600,5948.41,169.58,73.83,0.12709
1557360000,6153.09,170.11,73.76,0.1278
1557446400,6343.14,172.21,76.68,0.123293
1557532800,7219.95,192.52,88.31,0.121731
1557619200,6979.76,188.23,84.79,0.107696
1557705600,7824.93,196.51,87.78,0.111232
1557792000,7990.92,217.44,91.69,0.114358
1557878400,8203.32,249.0,102.26,0.104099
1557964800,7878.96,264.39,95.75,0.105447
1558051200,7363.69,244.59,89.88,0.102981
1558137600,7262.4,234.03,86.65,0.106051
1558224000,8200.0,261.09,95.06,0.0993
1558310400,7999.54,252.22,91.69,0.100002
1558396800,7951.7,254.74,91.25,0.103783
1558483200,7626.48,243.32,87.72,0.106235
1558569600,7881.98,245.64,88.95,0.104527
1558656000,8001.7,249.83,100.5,0.101336
1558742400,8063.81,251.55,103.02,0.094713
1558828800,8731.72,268.37,112.56,0.087316
1558915200,8772.29,271.24,116.5,0.098245
1559001600,8715.36,271.15,114.95,0.096341
1559088000,8662.44,269.39,115.29,0.085616
1559174400,8279.69,254.62,107.95,0.085883
1559260800,8554.06,267.74,114.47,0.07816
1559347200,8558.95,264.78,112.48,0.080673
1559433600,8736.55,269.23,114.55,0.088585
1559520000,8107.96,249.55,105.87,0.093654
1559606400,7670.96,240.93,102.14,0.094897
1559692800,7789.48,246.32,103.79,0.091274
1559779200,7805.0,249.4,111.47,0.088627
1559865600,7998.13,249.49,117.07,0.084302
1559952000,7930.14,244.3,118.5,0.085999
1560038400,7634.58,231.3,114.83,0.085478
1560124800,8015.69,247.84,129.76,0.08815
1560211200,7918.17,245.11,136.2,0.084382
1560297600,8176.02,262.92,136.19,0.083904
1560384000,8239.04,255.4,130.89,0.083326
1560470400,8697.46,263.8,132.56,0.083465
1560556800,8860.23,269.29,138.35,0.084008
1560643200,8975.0,268.33,137.0,0.083
1560729600,9333.14,273.97,134.21,0.082086
1560816000,9078.48,264.37,135.1,0.082413
1560902400,9277.54,268.79,136.81,0.082182
1560988800,9531.21,272.0,135.75,0.0823
1561075200,10236.2,296.25,139.04,0.07823
1561161600,10666.86,308.49,141.46,0.078577
1561248000,10833.02,306.98,136.66,0.076952
1561334400,11032.32,311.0,135.26,0.071742
1561420800,11755.53,316.59,135.55,0.073665
1561507200,12927.44,334.86,130.64,0.078298
1561593600,11159.29,293.47,114.16,0.075295
1561680000,12360.45,309.37,119.47,0.07422
1561766400,11865.29,317.0,133.21,0.069001
1561852800,10761.26,290.07,122.06,0.070142
1561939200,10577.63,293.7,122.54,0.068722
1562025600,10829.18,291.25,118.59,0.06779
1562112000,11976.42,301.79,121.78,0.070833
1562198400,11136.0,282.8,119.59,0.071764
1562284800,11004.51,288.0,118.54,0.068754
1562371200,11237.77,287.57,118.25,0.066882
1562457600,11474.42,306.34,120.18,0.068267
1562544000,12293.53,313.24,123.5,0.069199
1562630400,12571.11,307.92,119.51,0.070579
1562716800,12097.96,288.64,108.28,0.069372
1562803200,11349.0,268.68,102.94,0.069566
1562889600,11802.0,275.55,105.16,0.068337
1562976000,11370.08,269.04,101.15,0.063912
1563062400,10185.03,225.76,89.72,0.061736
1563148800,10854.47,228.28,90.5,0.061886
1563235200,9422.72,198.89,79.68,0.062153
1563321600,9696.31,211.4,90.25,0.062502
1563408000,10649.07,226.31,101.4,0.063096
1563494400,10538.06,221.21,98.75,0.063142
1563580800,10761.03,228.89,100.48,0.061871
1563667200,10590.7,225.64,99.76,0.060565
1563753600,10323.39,217.13,95.12,0.058341
1563840000,9840.12,211.93,90.02,0.060599
1563926400,9772.6,216.59,94.45,0.061092
1564012800,9883.33,219.28,93.29,0.060384
1564099200,9843.0,219.35,94.33,0.059741
1564185600,9479.98,207.11,88.87,0.059094
1564272000,9533.0,211.5,90.02,0.058659
1564358400,9495.01,210.73,90.24,0.057959
1564444800,9589.01,209.83,90.33,0.058901
1564531200,10087.3,218.7,98.89,0.058387
1564617600,10405.94,217.55,98.89,0.058763
1564704000,10533.01,217.8,94.83,0.063411
1564790400,10820.76,222.14,94.2,0.082876
1564876800,10977.51,222.81,92.95,0.080944
1564963200,11819.49,233.0,96.39,0.071933
1565049600,11465.49,225.81,92.88,0.069626
1565136000,11975.03,225.8,90.5,0.068589
1565222400,11981.0,220.81,90.0,0.063373
1565308800,11856.1,210.3,84.32,0.054151
1565395200,11280.95,206.1,85.17,0.057395
1565481600,11540.76,216.06,89.78,0.058564
1565568000,11389.28,211.26,85.78,0.058922
1565654400,10854.92,208.58,84.53,0.05846
1565740800,10025.86,186.3,75.81,0.058114
1565827200,10300.01,188.2,76.25,0.062127
1565913600,10352.78,185.26,74.76,0.058875
1566000000,10217.79,185.59,72.71,0.059795
1566086400,10315.48,194.74,76.34,0.058692
1566172800,10920.0,202.32,77.16,0.058729
1566259200,10769.09,196.56,75.11,0.059056
1566345600,10130.0,187.37,73.19,0.058385
1566432000,10107.15,190.41,73.39,0.062176
1566518400,10410.85,194.59,75.48,0.061964
1566604800,10147.96,190.89,73.4,0.063175
1566691200,10138.72,186.59,72.15,0.061625
1566777600,10361.65,188.3,73.38,0.059933
1566864000,10171.85,186.94,72.75,0.060926
1566950400,9714.31,172.79,66.79,0.061397
1567036800,9495.0,168.82,63.46,0.066259
1567123200,9582.42,168.4,64.21,0.063971
1567209600,9600.86,171.93,64.35,0.061713
1567296000,9766.52,171.29,66.1,0.0652
1567382400,10381.26,178.8,67.2,0.063167
1567468800,10628.48,178.96,69.12,0.062482
1567555200,10581.84,174.82,67.13,0.063404
1567641600,10574.73,174.0,65.27,0.063879
1567728000,10308.92,169.2,64.98,0.063288
1567814400,10484.37,178.08,68.87,0.059846
1567900800,10398.97,181.56,70.56,0.060184
1567987200,10310.0,180.63,69.93,0.064443
1568073600,10093.01,179.64,70.75,0.062947
1568160000,10160.2,178.3,69.81,0.065259
1568246400,10423.72,181.09,69.28,0.064764
1568332800,10365.93,181.65,69.09,0.066842
1568419200,10360.25,188.85,70.62,0.064002
1568505600,10304.46,189.3,70.14,0.0651
1568592000,10262.54,197.59,72.76,0.069215
1568678400,10185.39,207.95,74.13,0.071528
1568764800,10155.26,210.27,77.75,0.068697
1568851200,10275.01,220.8,76.82,0.079496
1568937600,10168.85,218.06,75.1,0.082612
1569024000,9973.99,214.8,73.18,0.077
1569110400,10026.8,211.1,72.26,0.074264
1569196800,9693.74,200.8,66.47,0.071033
1569283200,8530.01,166.26,55.5,0.073119
1569369600,8438.35,170.0,57.53,0.078997
1569456000,8060.0,165.85,55.21,0.079844
1569542400,8193.99,174.44,56.05,0.076792
1569628800,8217.47,173.9,55.53,0.075883
1569715200,8052.4,169.38,53.91,0.074208
1569801600,8304.96,181.17,56.09,0.071805
1569888000,8321.52,176.15,55.8,0.071415
1569974400,8381.72,180.82,56.43,0.071625
1570060800,8240.41,175.05,56.44,0.067007
1570147200,8156.67,175.97,56.51,0.065652
1570233600,8147.63,176.73,56.85,0.0639
1570320000,7859.79,170.18,54.48,0.060743
1570406400,8209.0,180.26,57.56,0.0595
1570492800,8180.0,180.72,57.0,0.061534
1570579200,8590.0,193.26,59.26,0.055571
1570665600,8587.5,191.79,57.77,0.057468
1570752000,8267.33,180.84,55.94,0.057596
1570838400,8309.03,179.86,55.77,0.058871
1570924800,8282.97,181.18,56.48,0.058091
1571011200,8355.0,186.85,56.87,0.059123
1571097600,8162.44,180.58,54.56,0.05729
1571184000,7993.54,174.5,52.51,0.057329
1571270400,8076.2,177.31,54.95,0.055869
1571356800,7954.16,172.96,53.31,0.055725
1571443200,7965.28,172.09,53.81,0.054668
1571529600,8236.12,175.49,54.96,0.055427
1571616000,8209.92,174.37,54.72,0.055568
1571702400,8024.72,171.3,53.42,0.055365
1571788800,7474.85,162.49,49.54,0.055906
1571875200,7430.87,160.67,49.66,0.054605
1571961600,8668.0,181.66,56.95,0.053077
1572048000,9259.78,180.03,56.88,0.053034
1572134400,9548.84,184.41,59.91,0.051991
1572220800,9226.5,182.02,57.83,0.052771
1572307200,9430.8,191.1,59.84,0.05098
1572393600,9164.44,183.38,57.96,0.050969
1572480000,9159.48,182.38,58.37,0.046932
1572566400,9253.12,183.19,58.34,0.043217
1572652800,9308.52,183.25,58.38,0.04665
1572739200,9206.52,181.73,58.34,0.045203
1572825600,9412.53,186.25,61.41,0.046377
1572912000,9322.09,188.88,63.16,0.045439
1572998400,9341.27,191.13,64.16,0.047321
1573084800,9198.84,186.42,61.37,0.044938
1573171200,8763.01,183.62,60.4,0.045047
1573257600,8807.89,184.77,62.04,0.044374
1573344000,9032.23,188.88,63.66,0.044611
1573430400,8721.54,184.65,61.74,0.045778
1573516800,8810.0,186.98,61.4,0.045846
1573603200,8758.34,187.72,60.89,0.046188
1573689600,8630.0,184.55,58.91,0.045461
1573776000,8457.48,179.82,57.53,0.044845
1573862400,8481.0,182.25,58.21,0.045113
1573948800,8500.01,183.88,59.2,0.043431
1574035200,8168.84,177.85,55.72,0.045608
1574121600,8123.36,175.73,55.08,0.045567
1574208000,8082.96,174.35,54.87,0.045495
1574294400,7616.46,160.82,50.6,0.050511
1574380800,7283.03,149.97,47.4,0.0485
1574467200,7329.29,152.0,48.22,0.04768
1574553600,6908.64,139.99,43.95,0.047158
1574640000,7127.01,145.91,45.54,0.048005
1574726400,7162.67,147.83,46.99,0.048131
1574812800,7523.72,153.0,47.8,0.049068
1574899200,7432.41,151.01,46.91,0.048113
1574985600,7760.0,154.75,48.68,0.052938
1575072000,7555.92,151.78,47.26,0.05487
1575158400,7404.27,150.97,47.5,0.053504
1575244800,7305.01,148.97,45.57,0.060778
1575331200,7302.94,147.33,44.82,0.061372
1575417600,7198.99,145.5,44.69,0.060009
1575504000,7393.54,148.18,44.84,0.06263
1575590400,7540.08,148.82,45.36,0.062592
1575676800,7502.19,147.43,45.21,0.061203
1575763200,7520.0,150.71,45.6,0.05822
1575849600,7337.51,147.3,44.44,0.057044
1575936000,7219.37,145.55,44.11,0.055811
1576022400,7201.23,143.29,43.63,0.058318
1576108800,7185.91,144.69,43.6,0.059599
1576195200,7249.9,144.7,44.43,0.060678
1576281600,7062.91,141.73,43.24,0.060794
1576368000,7111.0,142.38,43.41,0.062811
1576454400,6877.03,132.36,39.9,0.060505
1576540800,6616.62,121.83,36.98,0.062232
1576627200,7285.53,132.89,40.77,0.063378
1576713600,7149.12,128.18,39.69,0.064126
1576800000,7190.0,128.37,40.13,0.066
1576886400,7143.01,127.09,39.73,0.069089
1576972800,7513.06,132.4,41.93,0.071138
1577059200,7310.79,127.78,40.61,0.071983
1577145600,7255.01,127.71,40.3,0.071005
1577232000,7192.12,125.0,40.08,0.07347
1577318400,7194.13,125.49,39.97,0.070521
1577404800,7245.83,126.23,40.93,0.074056
1577491200,7302.67,127.91,42.73,0.080081
1577577600,7384.89,134.3,43.07,0.083565
1577664000,7218.0,131.1,42.23,0.086887
1577750400,7165.72,128.54,41.1,0.078935
1577836800,7174.33,130.19,41.49,0.074614
1577923200,6945.02,126.81,39.32,0.072838
1578009600,7334.45,134.17,42.2,0.076129
1578096000,7348.63,134.14,42.73,0.069998
1578182400,7355.4,135.31,43.28,0.070659
1578268800,7764.63,144.19,45.79,0.07104
1578355200,8158.52,143.08,46.36,0.070461
1578441600,8045.51,140.6,45.28,0.073321
1578528000,7813.78,137.71,44.73,0.069094
1578614400,8198.09,144.72,48.99,0.064094
1578700800,8020.0,142.63,49.36,0.058784
1578787200,8180.81,146.6,51.42,0.060101
1578873600,8104.5,143.51,49.58,0.058456
1578960000,8815.69,165.76,58.4,0.056923
1579046400,8808.81,166.29,58.12,0.055803
1579132800,8714.76,163.93,57.5,0.059719
1579219200,8899.42,169.59,60.86,0.058222
1579305600,8909.32,174.06,59.28,0.058628
1579392000,8697.53,166.75,57.57,0.059725
1579478400,8628.89,166.68,57.1,0.061495
1579564800,8722.03,169.19,57.49,0.058462
1579651200,8660.38,167.68,58.1,0.049797
1579737600,8385.22,162.4,54.42,0.052493
1579824000,8427.26,162.3,54.33,0.051948
1579910400,8326.81,160.12,52.79,0.050375
1579996800,8595.0,167.35,56.08,0.033426
1580083200,8895.96,169.77,58.44,0.040242
1580169600,9394.5,175.99,60.62,0.036698
1580256000,9288.44,173.45,59.62,0.037792
1580342400,9503.08,184.55,67.82,0.035382
1580428800,9334.98,179.74,67.96,0.037462
1580515200,9380.18,183.5,70.69,0.037087
1580601600,9323.5,188.29,69.82,0.041514
1580688000,9280.49,189.42,69.55,0.039897
1580774400,9164.33,188.24,67.84,0.039687
1580860800,9613.82,204.0,72.56,0.036759
1580947200,9763.01,212.95,73.45,0.039529
1581033600,9808.05,223.22,74.25,0.040578
1581120000,9905.64,223.37,76.67,0.040607
1581206400,10168.35,228.8,77.05,0.043018
1581292800,9851.78,222.85,73.98,0.040501
1581379200,10270.01,237.98,76.81,0.040128
1581465600,10351.13,266.49,81.37,0.037799
1581552000,10236.49,268.42,80.55,0.040057
1581638400,10371.33,286.27,83.31,0.040876
1581724800,9911.22,264.92,76.74,0.0409
1581811200,9921.0,258.5,74.7,0.041295
1581897600,9700.0,268.03,73.43,0.041417
1581984000,10188.04,283.31,77.4,0.041995
1582070400,9600.08,258.66,70.67,0.04358
1582156800,9610.05,257.4,69.55,0.049999
1582243200,9695.66,265.8,73.41,0.048425
1582329600,9668.23,262.08,74.88,0.051376
1582416000,9965.01,275.48,79.8,0.052135
1582502400,9660.0,265.31,75.55,0.047787
1582588800,9305.0,246.5,70.96,0.049879
1582675200,8778.3,223.5,60.42,0.048976
1582761600,8812.49,227.63,61.76,0.048292
1582848000,8708.89,227.37,59.99,0.04814
1582934400,8525.07,217.31,58.04,0.046187
1583020800,8522.31,217.26,57.63,0.049247
1583107200,8915.0,232.12,61.47,0.048665
1583193600,8757.84,223.75,61.0,0.0506
1583280000,8760.66,224.56,60.36,0.048889
1583366400,9070.17,228.64,62.01,0.049501
1583452800,9158.51,245.56,63.37,0.05094
1583539200,8901.37,237.75,60.57,0.055
1583625600,8037.76,199.46,51.15,0.062152
1583712000,7934.52,202.77,50.53,0.061186
1583798400,7894.68,200.5,50.14,0.061826
1583884800,7938.05,194.61,48.54,0.062001
1583971200,4857.1,110.3,30.09,0.067287
1584057600,5637.6,135.51,38.01,0.068724
1584144000,5165.25,122.17,34.43,0.072306
1584230400,5345.35,123.3,36.24,0.06759
1584316800,5037.61,111.38,33.33,0.072946
1584403200,5331.71,116.09,34.17,0.075695
1584489600,5413.64,118.6,34.85,0.07317
1584576000,6186.26,136.68,39.08,0.073473
1584662400,6206.1,133.27,38.09,0.07224
1584748800,6198.78,132.79,38.39,0.069887
1584835200,5818.25,122.42,35.45,0.072285
1584921600,6490.63,137.0,39.12,0.072551
1585008000,6766.64,139.0,40.7,0.071418
1585094400,6690.96,136.26,39.25,0.064277
1585180800,6758.18,139.0,40.59,0.062442
1585267200,6372.36,131.56,38.15,0.07026
1585353600,6251.82,131.35,38.91,0.069995
1585440000,5877.21,124.35,37.11,0.069285
1585526400,6406.4,132.32,38.99,0.067296
1585612800,6424.35,133.08,39.15,0.06808
1585699200,6666.11,136.14,39.33,0.068804
1585785600,6804.52,141.53,39.97,0.070243
1585872000,6741.99,141.54,40.54,0.069786
1585958400,6874.77,144.48,40.85,0.070894
1586044800,6778.25,142.79,40.38,0.066437
1586131200,7341.56,171.5,45.12,0.06813
1586217600,7200.01,164.57,44.8,0.067189
1586304000,7370.11,173.36,46.58,0.064
1586390400,7293.24,169.75,46.29,0.066228
1586476800,6871.91,158.1,42.36,0.065011
1586563200,6889.65,158.55,42.61,0.065991
1586649600,6908.13,158.87,42.04,0.069065
1586736000,6861.21,156.76,41.37,0.067833
1586822400,6877.37,158.65,41.22,0.072444
1586908800,6624.12,152.77,39.3,0.070582
1586995200,7112.64,172.55,42.6,0.075818
1587081600,7037.46,170.89,42.21,0.079489
1587168000,7261.76,187.88,44.2,0.082735
1587254400,7130.71,180.39,42.28,0.081977
1587340800,6838.19,170.5,40.27,0.078901
1587427200,6853.68,171.07,40.7,0.079455
1587513600,7136.84,183.11,41.88,0.078829
1587600000,7488.83,185.66,43.0,0.080175
1587686400,7514.64,187.84,44.56,0.078177
1587772800,7547.61,194.42,44.41,0.078936
1587859200,7706.4,197.83,44.63,0.071322
1587945600,7789.77,196.78,44.53,0.072855
1588032000,7755.01,196.67,45.8,0.074146
1588118400,8793.75,215.66,48.85,0.07071
1588204800,8624.28,206.23,46.39,0.071024
1588291200,8829.42,212.09,47.11,0.071357
1588377600,8985.58,214.25,49.26,0.071801
1588464000,8909.95,210.24,48.15,0.070507
1588550400,8883.53,206.86,47.07,0.069406
1588636800,9028.79,205.43,46.58,0.069795
1588723200,9155.79,199.26,45.06,0.068449
1588809600,10004.77,212.47,47.46,0.071901
1588896000,9810.0,211.59,47.74,0.070926
1588982400,9537.21,210.0,46.94,0.068883
1589068800,8729.86,187.73,42.15,0.067553
1589155200,8572.4,185.93,41.52,0.06693
1589241600,8821.42,190.1,42.26,0.062785
1589328000,9321.26,199.92,43.26,0.06421
1589414400,9795.34,203.4,44.02,0.065098
1589500800,9312.1,194.7,42.7,0.066941
1589587200,9383.16,200.53,43.27,0.0684
1589673600,9676.63,207.05,43.7,0.06763
1589760000,9728.52,214.97,45.32,0.067086
1589846400,9783.76,214.71,45.76,0.068
1589932800,9509.41,209.96,44.21,0.067296
1590019200,9061.96,198.62,42.68,0.071658
1590105600,9168.84,207.32,44.22,0.073364
1590192000,9181.76,206.66,43.85,0.085567
1590278400,8715.73,199.63,42.06,0.09068
1590364800,8899.31,204.06,42.97,0.089007
1590451200,8844.42,200.91,42.29,0.094165
1590537600,9208.53,208.41,43.87,0.095395
1590624000,9580.19,220.44,44.75,0.090143
1590710400,9423.84,220.62,44.48,0.092228
1590796800,9700.33,243.84,47.75,0.094271
1590883200,9446.57,231.54,45.6,0.101903
1590969600,10208.96,248.41,48.27,0.103932
1591056000,9522.46,237.71,46.03,0.100818
1591142400,9668.07,244.6,47.13,0.100054
1591228800,9788.03,243.18,47.44,0.09432
1591315200,9613.21,240.04,46.76,0.096645
1591401600,9671.7,241.92,46.75,0.097655
1591488000,9750.12,244.81,46.64,0.098336
1591574400,9781.51,246.55,46.51,0.095858
1591660800,9779.41,244.03,45.93,0.10093
1591747200,9894.04,248.16,46.71,0.099118
1591833600,9268.16,230.15,43.19,0.094859
1591920000,9464.17,237.53,44.7,0.097257
1592006400,9475.0,238.17,45.07,0.09514
1592092800,9325.0,231.34,43.99,0.096356
1592179200,9432.53,230.98,43.76,0.097026
1592265600,9526.25,235.34,43.86,0.107762
1592352000,9457.51,233.71,44.04,0.102647
1592438400,9376.14,231.05,43.4,0.105226
1592524800,9301.91,228.66,42.77,0.110138
1592611200,9355.74,228.8,43.56,0.107609
1592697600,9286.14,227.68,42.96,0.106323
1592784000,9690.74,243.23,44.3,0.103131
1592870400,9623.56,243.12,44.16,0.103359
1592956800,9285.91,234.44,42.57,0.105158
1593043200,9243.51,231.97,42.31,0.106393
1593129600,9155.42,229.44,43.06,0.100176
1593216000,9002.46,220.76,41.04,0.101412
1593302400,9113.24,224.76,41.32,0.101314
1593388800,9184.45,227.81,41.87,0.104947
1593475200,9136.2,225.48,41.16,0.107103
1593561600,9239.97,231.03,41.8,0.115242
1593648000,9091.53,226.48,41.08,0.11383
1593734400,9063.87,225.06,41.17,0.108264
1593820800,9138.51,229.34,42.15,0.102138
1593907200,9074.39,227.67,41.59,0.107353
1593993600,9343.31,241.65,44.03,0.099636
1594080000,9253.94,239.37,43.37,0.102264
1594166400,9435.28,247.14,45.4,0.102879
1594252800,9236.95,242.0,44.33,0.103023
1594339200,9291.05,241.2,44.32,0.097272
1594425600,9235.0,239.17,44.74,0.098152
1594512000,9303.37,242.81,44.71,0.093798
1594598400,9236.92,239.44,43.88,0.095701
1594684800,9256.94,240.43,43.88,0.096269
1594771200,9190.16,238.33,43.3,0.098204
1594857600,9130.11,233.41,42.08,0.096744
1594944000,9154.29,232.63,41.89,0.098826
1595030400,9175.85,235.72,42.47,0.092481
1595116800,9212.87,239.17,42.65,0.0783
1595203200,9161.05,236.1,41.97,0.081534
1595289600,9394.14,245.65,43.83,0.075569
1595376000,9536.18,264.28,45.02,0.077388
1595462400,9613.24,275.68,44.98,0.078798
1595548800,9551.21,279.59,44.16,0.077385
1595635200,9711.33,305.66,49.23,0.078251
1595721600,9941.0,311.35,48.14,0.081145
1595808000,11048.91,322.24,53.38,0.083803
1595894400,10934.23,317.59,55.86,0.083894
1595980800,11110.12,318.16,55.2,0.080051
1596067200,11115.95,335.31,56.82,0.080175
1596153600,11351.62,346.86,58.23,0.077821
1596240000,11810.07,387.4,61.72,0.079946
1596326400,11068.54,372.21,56.77,0.080388
1596412800,11233.13,386.22,58.54,0.078256
1596499200,11197.04,389.82,57.65,0.078496
1596585600,11756.75,401.21,58.97,0.07689
1596672000,11773.89,395.28,59.08,0.069945
1596758400,11606.52,379.75,57.25,0.071742
1596844800,11774.98,397.51,58.46,0.067295
1596931200,11688.48,390.41,56.97,0.070513
1597017600,11899.73,395.78,58.28,0.074752
1597104000,11388.53,378.88,54.12,0.07389
1597190400,11566.45,387.27,54.55,0.073443
1597276800,11795.95,424.94,57.18,0.073206
1597363200,11779.0,438.83,56.85,0.074111
1597449600,11859.24,432.55,59.9,0.074818
1597536000,11918.84,433.7,63.91,0.073111
1597622400,12304.26,431.5,67.3,0.070941
1597708800,11950.0,422.31,65.4,0.071018
1597795200,11758.87,407.59,62.12,0.072866
1597881600,11864.26,415.92,62.8,0.073303
1597968000,11529.22,388.05,59.09,0.072433
1598054400,11672.93,395.62,60.28,0.072253
1598140800,11650.01,390.9,60.62,0.073237
1598227200,11753.85,407.76,62.04,0.075076
1598313600,11324.92,383.33,58.38,0.077273
1598400000,11463.27,386.1,58.09,0.077132
1598486400,11330.06,383.25,56.15,0.07751
1598572800,11535.0,395.47,57.4,0.076463
1598659200,11474.31,398.58,56.95,0.074098
1598745600,11716.01,428.94,62.9,0.074039
1598832000,11655.0,433.89,60.93,0.079293
1598918400,11924.22,475.57,62.71,0.081606
1599004800,11395.48,440.02,58.12,0.079468
1599091200,10172.52,382.87,50.07,0.085177
1599177600,10500.05,388.96,50.76,0.080918
1599264000,10168.36,335.25,47.83,0.083896
1599350400,10257.86,352.77,47.94,0.085586
1599436800,10375.0,353.71,48.88,0.083795
1599523200,10125.69,337.48,47.49,0.085615
1599609600,10224.56,351.1,47.86,0.083177
1599696000,10343.23,368.06,48.71,0.081144
1599782400,10394.41,373.93,48.98,0.08177
1599868800,10446.52,387.81,50.85,0.078369
1599955200,10336.76,366.58,48.18,0.077573
1600041600,10679.95,377.28,49.1,0.076819
1600128000,10783.75,364.2,48.3,0.077821
1600214400,10959.61,365.23,47.74,0.078676
1600300800,10943.61,389.45,48.88,0.075672
1600387200,10937.52,384.64,48.55,0.075476
1600473600,11080.0,385.23,48.48,0.074718
1600560000,10920.89,370.69,47.09,0.08043
1600646400,10416.82,340.11,43.13,0.084048
1600732800,10531.13,344.26,44.49,0.079531
1600819200,10235.1,320.63,42.95,0.08147
1600905600,10740.01,349.14,44.94,0.079779
1600992000,10690.53,352.11,46.04,0.079662
1601078400,10730.0,354.13,46.06,0.080465
1601164800,10778.2,357.55,46.07,0.080638
1601251200,10695.55,353.91,45.21,0.082516
1601337600,10840.73,359.9,45.69,0.081112
1601424000,10779.63,359.89,46.32,0.080092
1601510400,10617.63,352.9,46.16,0.082556
1601596800,10573.12,345.7,44.9,0.086517
1601683200,10551.65,346.18,45.56,0.083671
1601769600,10671.11,352.48,46.71,0.084014
1601856000,10795.0,353.73,46.35,0.08857
1601942400,10602.66,340.78,46.0,0.109336
1602028800,10670.47,341.68,46.58,0.10446
1602115200,10933.09,351.25,47.24,0.132323
1602201600,11057.07,365.36,47.82,0.19655
1602288000,11299.5,370.75,48.9,0.193074
1602374400,11374.01,374.38,50.48,0.168666
1602460800,11535.46,386.74,50.61,0.206777
1602547200,11428.22,381.37,49.97,0.200096
1602633600,11427.7,378.97,49.84,0.194349
1602720000,11509.34,377.94,49.58,0.202985
1602806400,11328.95,365.57,47.64,0.183804
1602892800,11367.89,368.48,46.93,0.185451
1602979200,11514.2,378.58,47.58,0.184433
1603065600,11760.45,379.36,48.01,0.161454
1603152000,11923.83,368.81,46.95,0.171982
1603238400,12808.0,391.53,53.13,0.175906
1603324800,12987.02,414.7,54.42,0.168103
1603411200,12937.09,409.52,55.46,0.15243
1603497600,13126.24,412.58,59.21,0.172143
1603584000,13045.0,406.46,58.85,0.160755
1603670400,13068.79,393.12,56.89,0.150971
1603756800,13698.18,404.55,58.18,0.158863
1603843200,13281.05,388.63,55.84,0.176009
1603929600,13460.0,387.6,54.94,0.170227
1604016000,13571.51,382.77,54.08,0.166078
1604102400,13804.81,386.74,55.68,0.193504
1604188800,13771.59,396.91,55.65,0.186366
1604275200,13563.22,383.33,53.85,0.185523
1604361600,14035.8,388.32,54.02,0.181631
1604448000,14161.48,403.18,54.75,0.176633
1604534400,15608.21,417.17,59.04,0.165169
1604620800,15599.95,456.65,63.29,0.162066
1604707200,14834.09,435.73,58.94,0.126697
1604793600,15482.9,454.61,60.99,0.158101
1604880000,15342.25,444.81,59.25,0.152359
1604966400,15315.03,450.89,57.99,0.146788
1605052800,15705.79,463.79,59.33,0.145006
1605139200,16310.81,462.98,60.74,0.144165
1605225600,16339.56,477.14,66.01,0.138206
1605312000,16082.01,461.16,63.85,0.131915
1605398400,15966.89,448.58,62.37,0.127698
1605484800,16726.64,460.85,73.83,0.132462
1605571200,17679.36,482.68,76.41,0.127655
1605657600,17782.91,478.96,73.48,0.136751
1605744000,17821.58,471.92,81.62,0.164204
1605830400,18675.25,510.43,82.64,0.19342
1605916800,18721.21,553.07,87.13,0.349199
1606003200,18437.66,560.82,82.96,0.313033
1606089600,18384.82,609.26,89.18,0.297114
1606176000,19172.84,605.45,89.34,0.312323
1606262400,18721.93,568.79,81.75,0.2849
1606348800,17170.0,520.34,71.11,0.271443
1606435200,17153.95,519.07,69.2,0.279541
1606521600,17739.85,538.11,72.79,0.303965
1606608000,18202.04,576.76,79.0,0.303218
1606694400,19713.94,617.0,87.66,0.283976
1606780800,18782.97,586.03,85.17,0.290785
1606867200,19225.63,597.35,88.99,0.303666
1606953600,19448.64,616.65,89.03,0.304989
1607040000,18658.1,567.6,79.58,0.298107
1607126400,19158.96,597.29,83.21,0.293775
1607212800,19375.6,601.95,83.64,0.251108
1607299200,19177.71,591.47,83.41,0.269688
1607385600,18316.22,554.79,76.7,0.270137
1607472000,18546.55,573.38,77.42,0.271302
1607558400,18253.44,559.45,74.71,0.26096
1607644800,18042.15,544.23,72.18,0.261798
1607731200,18821.28,568.64,76.7,0.238205
1607817600,19166.65,590.75,82.2,0.294303
1607904000,19272.37,586.39,82.4,0.29359
1607990400,19444.6,589.08,81.4,0.328898
1608076800,21359.65,637.98,93.02,0.307301
1608163200,22826.48,643.37,101.17,0.323528
1608249600,23137.76,654.66,109.46,0.339861
1608336000,23849.99,658.96,120.02,0.34692
1608422400,23476.51,638.4,114.65,0.326273
1608508800,22729.4,608.07,104.44,0.3522
1608595200,23823.27,636.82,114.31,0.378093
1608681600,23228.35,585.11,102.35,0.385916
1608768000,23717.96,612.27,111.2,0.397073
1608854400,24704.71,626.75,127.67,0.400625
1608940800,26475.35,636.52,129.56,0.41527
1609027200,26258.65,684.12,127.6,0.456497
1609113600,27040.36,729.7,129.69,0.530464
1609200000,27366.35,731.76,128.69,0.565391
1609286400,28897.42,752.86,130.11,0.516452
1609372800,28990.08,737.67,124.41,0.494956
1609459200,29412.84,730.99,126.53,0.485408
1609545600,32225.91,775.3,137.13,0.49771
1609632000,33080.66,980.44,161.52,0.497026
1609718400,32019.99,1042.38,155.43,0.513742
1609804800,34030.64,1103.73,159.03,0.48655
1609891200,36859.26,1212.02,169.41,0.496694
1609977600,39505.56,1227.34,169.75,0.463539
1610064000,40665.15,1217.35,172.46,0.386654
1610150400,40257.43,1281.45,177.87,0.40546
1610236800,38171.57,1255.13,170.21,0.381034
1610323200,35452.59,1088.79,139.43,0.400581
1610409600,34038.98,1049.79,133.39,0.43921
1610496000,37393.66,1130.8,147.51,0.406449
1610582400,39125.14,1231.32,152.38,0.431169
1610668800,36754.67,1168.1,143.63,0.41924
1610755200,36006.94,1227.14,143.5,0.420967
1610841600,35820.0,1232.99,142.8,0.411693
1610928000,36624.23,1258.48,151.88,0.404766
1611014400,35917.28,1368.04,151.9,0.401657
1611100800,35503.09,1376.88,149.77,0.412659
1611187200,30855.95,1110.62,129.75,0.418201
1611273600,32984.93,1233.6,137.76,0.432033
1611360000,32112.01,1234.55,137.76,0.408923
1611446400,32288.56,1394.0,141.13,0.405555
1611532800,32261.87,1317.97,137.13,0.386715
1611619200,32510.82,1367.98,134.79,0.406694
1611705600,30407.13,1240.96,122.63,0.388805
1611792000,33488.99,1333.19,133.61,0.384177
1611878400,34262.11,1379.87,134.91,0.395528
1611964800,34315.63,1380.0,133.61,0.402741
1612051200,33137.74,1313.94,129.58,0.394393
1612137600,33533.19,1374.6,132.04,0.394877
1612224000,35512.67,1513.67,142.05,0.416148
1612310400,37678.37,1668.72,156.2,0.403697
1612396800,36975.0,1597.55,145.27,0.392799
1612483200,38311.49,1721.06,155.15,0.395285
1612569600,39265.43,1679.77,155.77,0.361598
1612656000,38871.42,1615.32,150.95,0.361703
1612742400,46448.1,1752.98,167.63,0.3847
1612828800,46514.73,1772.16,181.92,0.381955
1612915200,44850.0,1742.93,181.76,0.39743
1613001600,47997.91,1787.32,183.8,0.404336
1613088000,47408.34,1845.0,197.2,0.400995
1613174400,47232.45,1818.01,226.62,0.405724
1613260800,48680.69,1803.75,213.93,0.423954
1613347200,47936.37,1779.62,207.9,0.439265
1613433600,49158.71,1781.97,210.17,0.408545
1613520000,52170.01,1852.0,237.54,0.428416
1613606400,51601.73,1939.64,226.65,0.536927
1613692800,55983.56,1957.68,236.69,0.541866
1613779200,55923.52,1915.46,227.17,0.490851
1613865600,57489.16,1935.57,227.54,0.504916
1613952000,54142.13,1778.66,208.23,0.486019
1614038400,48899.99,1577.83,177.59,0.56162
1614124800,49737.82,1625.3,181.7,0.584536
1614211200,47058.48,1482.62,179.47,0.590548
1614297600,46326.2,1445.18,170.3,0.657434
1614384000,46180.75,1460.57,172.01,0.635436
1614470400,45231.75,1422.02,165.72,0.640411
1614556800,49639.4,1571.82,176.01,0.610578
1614643200,48511.6,1488.34,179.25,0.592369
1614729600,50360.0,1567.86,187.61,0.54604
1614816000,48368.52,1539.69,180.59,0.50072
1614902400,48769.47,1528.82,180.3,0.529005
1614988800,48909.84,1651.83,182.85,0.489529
1615075200,50978.61,1728.22,190.74,0.450491
1615161600,52415.23,1834.58,191.9,0.451038
1615248000,54916.38,1871.99,203.98,0.426
1615334400,55890.69,1795.37,200.23,0.416677
1615420800,57815.47,1827.04,201.47,0.486158
1615507200,57225.91,1767.79,220.84,0.510519
1615593600,61178.5,1921.61,226.09,0.497567
1615680000,58972.7,1848.9,214.11,0.491866
1615766400,55636.15,1795.07,200.82,0.53049
1615852800,56927.11,1806.03,201.64,0.540574
1615939200,58925.54,1824.74,206.04,0.556265
1616025600,57644.95,1776.4,199.65,0.551257
1616112000,58039.66,1809.38,199.91,0.502353
1616198400,58116.7,1806.47,200.16,0.605517
1616284800,57363.32,1784.0,195.53,0.651603
1616371200,54110.07,1681.02,185.7,0.631555
1616457600,54345.54,1668.09,185.85,0.615217
1616544000,52276.16,1581.79,175.95,0.628938
1616630400,51325.01,1587.08,171.48,0.6585
1616716800,55072.44,1700.1,183.7,0.735656
1616803200,55856.53,1713.88,184.14,0.59323
1616889600,55778.82,1686.92,184.27,0.653333
1616976000,57613.48,1815.73,193.66,0.668866
1617062400,58786.46,1841.16,195.73,0.681827
1617148800,58800.0,1920.0,196.88,0.711585
1617235200,58726.48,1968.38,202.67,0.643996
1617321600,58981.04,2134.68,211.5,0.64574
1617408000,57094.34,2009.25,195.34,0.456481
1617494400,58215.94,2076.36,202.26,0.496012
1617580800,59123.02,2106.98,221.44,0.419433
1617667200,58019.98,2113.0,237.09,0.389435
1617753600,55955.75,1964.23,219.33,0.363589
1617840000,58083.1,2081.29,226.24,0.439715
1617926400,58092.68,2066.03,221.07,0.429421
1618012800,59778.6,2133.08,255.94,0.443506
1618099200,59985.26,2150.54,252.44,0.420715
1618185600,59839.82,2138.03,244.35,0.399077
1618272000,63588.22,2299.92,267.77,0.367176
1618358400,62971.8,2432.54,278.85,0.374811
1618444800,63229.04,2517.03,286.18,0.402523
1618531200,61427.27,2426.64,308.75,0.4183
1618617600,60058.86,2318.7,301.1,0.418808
1618704000,56274.41,2241.46,274.2,0.425109
1618790400,55696.83,2163.82,261.56,0.384782
1618876800,56499.29,2332.6,261.01,0.375081
1618963200,53800.86,2357.21,257.78,0.380354
1619049600,51701.59,2399.99,252.65,0.346214
1619136000,51187.27,2370.05,241.67,0.349576
1619222400,50089.15,2216.72,225.3,0.365295
1619308800,49121.0,2322.16,224.18,0.338657
1619395200,54053.6,2534.0,247.65,0.318158
1619481600,55069.62,2667.86,259.96,0.328024
1619568000,54894.03,2751.59,258.81,0.344918
1619654400,53580.0,2758.92,255.51,0.343333
1619740800,57798.77,2776.45,271.59,0.333571
1619827200,57859.28,2948.92,277.0,0.317628
1619913600,56625.2,2952.09,269.1,0.317422
1620000000,57212.73,3433.99,294.91,0.297465
1620086400,53241.92,3240.01,305.5,0.288601
1620172800,57515.69,3529.97,356.43,0.297516
1620259200,56440.66,3492.75,354.44,0.235935
1620345600,57380.39,3484.7,345.25,0.235466
1620432000,58958.05,3917.26,347.72,0.255743
1620518400,58312.57,3928.44,388.3,0.268868
1620604800,55866.41,3949.45,359.41,0.240923
1620691200,56753.19,4179.76,378.16,0.249427
1620777600,49498.77,3826.37,310.91,0.259796
1620864000,49690.11,3719.23,318.41,0.263526
1620950400,49893.48,4080.51,326.67,0.283073
1621036800,46775.51,3649.54,300.18,0.284383
1621123200,46450.79,3585.62,296.11,0.268953
1621209600,43580.5,3283.32,281.6,0.262866
1621296000,42857.15,3375.96,294.13,0.263702
1621382400,36731.75,2443.91,186.65,0.268087
1621468800,40623.33,2775.07,211.11,0.253477
1621555200,37340.77,2434.86,180.23,0.260526
1621641600,37476.83,2297.19,169.48,0.256536
1621728000,34758.67,2099.58,142.72,0.242763
1621814400,38878.56,2651.24,185.42,0.245616
1621900800,38361.81,2707.56,184.09,0.24493
1621987200,39293.23,2889.84,199.18,0.245974
1622073600,38556.88,2745.51,194.41,0.238317
1622160000,35680.47,2413.81,177.41,0.232207
1622246400,34627.82,2280.72,164.12,0.24
1622332800,35669.44,2387.66,170.72,0.24
1622419200,37279.31,2707.12,188.05,0.240869
1622505600,36685.0,2634.42,182.98,0.235094
1622592000,37577.91,2706.64,187.27,0.232599
1622678400,39248.55,2856.68,193.58,0.229785
1622764800,36856.52,2690.68,178.63,0.211191
1622851200,35539.49,2629.75,173.07,0.212026
1622937600,35800.48,2710.97,176.38,0.228246
1623024000,33575.91,2592.47,161.98,0.263552
1623110400,33402.13,2509.11,160.76,0.269389
1623196800,37403.86,2611.27,172.57,0.267048
1623283200,36694.05,2471.59,168.38,0.261817
1623369600,37338.44,2355.27,162.9,0.260481
1623456000,35557.33,2371.49,161.85,0.263057
1623542400,39015.24,2510.23,171.02,0.270068
1623628800,40539.47,2582.86,180.02,0.272306
1623715200,40162.37,2543.58,175.15,0.279823
1623801600,38351.0,2367.73,166.61,0.284683
1623888000,38095.17,2373.33,167.18,0.2751
1623974400,35841.81,2234.47,156.41,0.274201
1624060800,35484.79,2164.72,152.53,0.274235
1624147200,35585.78,2242.9,154.87,0.280608
1624233600,31609.82,1885.67,124.45,0.280404
1624320000,32538.37,1881.65,119.83,0.285246
1624406400,33688.35,1968.37,129.2,0.307664
1624492800,34654.58,1988.81,134.53,0.287263
1624579200,31594.63,1809.07,125.0,0.298499
1624665600,32275.19,1829.17,126.81,0.310046
1624752000,34709.23,1984.71,132.67,0.337281
1624838400,34493.22,2083.79,137.69,0.328565
1624924800,35904.28,2166.18,144.18,0.360013
1625011200,35060.0,2276.72,144.36,0.395267
1625097600,33516.11,2107.01,137.16,0.391249
1625184000,33805.02,2156.0,136.91,0.371622
1625270400,34682.16,2226.95,140.19,0.341149
1625356800,35284.05,2323.15,144.94,0.341834
1625443200,33697.78,2197.34,137.82,0.366972
1625529600,34225.73,2321.84,138.89,0.385127
1625616000,33878.56,2316.82,137.42,0.371821
1625702400,32875.95,2116.95,132.1,0.372746
1625788800,33824.26,2147.38,134.61,0.379048
1625875200,33515.35,2110.55,134.01,0.35045
1625961600,34259.23,2140.82,134.26,0.358815
1626048000,33091.1,2030.72,133.37,0.335194
1626134400,32734.14,1940.76,131.44,0.357212
1626220800,32816.39,1994.11,131.02,0.347963
1626220800,32816.39,1994.11,131.02,0.343255
1626307200,31868.68,1918.07,125.79,0.329896
1626393600,31388.06,1877.22,120.68,0.339228
1626480000,31533.91,1899.75,120.02,0.353546
1626566400,31788.25,1891.46,119.13,0.35918
1626652800,30842.03,1818.44,113.17,0.368937
1626739200,29796.16,1786.46,107.3,0.369785
1626825600,32135.19,1996.18,117.83,0.39799
1626912000,32287.74,2024.75,120.74,0.423887
1626998400,33647.26,2125.81,124.28,0.335784
1627084800,34283.01,2185.95,126.12,0.330019
1627171200,35428.26,2193.03,127.75,0.33267
1627257600,37262.77,2228.26,131.11,0.317036
1627344000,39470.48,2300.59,134.74,0.32516
1627430400,40035.1,2300.42,140.47,0.332402
1627516800,40039.44,2383.32,141.52,0.318635
1627603200,42237.95,2463.9,145.62,0.331347
1627689600,41495.01,2533.74,144.43,0.341137
1627776000,39865.41,2555.43,140.28,0.33085
1627862400,39149.59,2608.12,141.36,0.319506
1627948800,38191.44,2508.31,138.48,0.322153
1628035200,39722.41,2724.71,142.54,0.313381
1628121600,40888.74,2829.35,143.59,0.282229
1628208000,42869.58,2892.98,148.09,0.266062
1628294400,44637.34,3163.09,156.05,0.292652
1628380800,43829.14,3014.13,149.88,0.303016
1628467200,46285.48,3162.34,166.42,0.281215
1628553600,45595.66,3142.09,165.43,0.277109
1628640000,45553.49,3162.61,170.79,0.276205
1628726400,44422.14,3047.21,165.51,0.265113
1628812800,47833.64,3324.51,183.42,0.256825
1628899200,47109.65,3266.52,182.98,0.269626
1628985600,47014.49,3310.93,184.76,0.278787
1629072000,45902.46,3146.6,177.94,0.30044
1629158400,44671.58,3011.01,168.54,0.316626
1629244800,44707.98,3014.38,166.6,0.315003
1629331200,46765.87,3184.21,175.57,0.310451
1629417600,49342.4,3286.58,183.67,0.319111
1629504000,48867.02,3226.73,179.83,0.357927
1629590400,49284.63,3241.42,185.97,0.3437
1629676800,49506.5,3323.12,187.08,0.336298
1629763200,47682.45,3171.52,173.54,0.3532
1629849600,48987.33,3228.51,177.87,0.331167
1629936000,46851.47,3093.2,167.74,0.344416
1630022400,49077.57,3274.67,176.32,0.332553
1630108800,48942.94,3247.99,175.75,0.368113
1630195200,48802.58,3226.46,174.48,0.369775
1630281600,46993.71,3229.01,167.34,0.361575
1630368000,47112.5,3430.23,171.57,0.396764
1630454400,48839.86,3829.39,180.86,0.383525
1630540800,49279.37,3787.97,183.39,0.379591
1630627200,50025.0,3940.06,213.28,0.373842
1630713600,49942.98,3887.53,212.12,0.391646
1630800000,51789.17,3952.17,232.3,0.373287
1630886400,52698.81,3928.89,219.47,0.372363
1630972800,46894.5,3436.96,178.36,0.378111
1631059200,46060.36,3500.34,179.7,0.372166
1631145600,46400.0,3424.95,180.42,0.388
1631232000,44851.45,3209.82,174.16,0.373318
1631318400,45171.83,3266.77,178.56,0.330444
1631404800,46024.23,3403.75,182.96,0.342845
1631491200,44947.72,3286.2,179.36,0.362277
1631577600,47127.22,3436.29,183.09,0.358558
1631664000,48148.12,3615.65,189.24,0.373205
1631750400,47753.16,3568.66,185.33,0.366253
1631836800,47303.5,3400.0,180.0,0.382749
1631923200,48314.56,3436.31,181.38,0.385354
1632009600,47255.92,3328.59,175.76,0.368979
1632096000,43012.97,2976.48,157.23,0.359109
1632182400,40719.6,2765.69,148.52,0.359507
1632268800,43575.1,3078.43,161.5,0.363986
1632355200,44897.59,3154.62,163.92,0.378242
1632441600,42848.92,2930.61,152.25,0.412511
1632528000,42705.51,2924.01,151.01,0.38343
1632614400,43178.02,3060.71,150.74,0.390968
1632700800,42171.76,2925.27,145.16,0.379103
1632787200,41026.07,2805.65,140.54,0.378496
1632873600,41522.16,2850.14,144.78,0.3772
1632960000,43824.43,3000.46,153.3,0.377047
1633046400,48165.76,3311.16,166.23,0.343497
1633132800,47657.69,3387.82,169.03,0.346269
1633219200,48233.99,3420.07,170.67,0.327776
1633305600,49245.54,3387.2,167.53,0.353889
1633392000,51493.99,3515.3,173.79,0.348706
1633478400,55339.48,3575.85,178.5,0.343683
1633564800,53797.82,3588.51,178.61,0.336466
1633651200,53963.82,3563.96,175.91,0.341189
1633737600,54962.29,3575.83,180.0,0.32748
1633824000,54690.53,3415.0,174.92,0.341894
1633910400,57487.44,3542.37,179.2,0.329215
1633996800,56005.1,3490.61,172.63,0.326087
1634083200,57367.32,3608.21,177.61,0.323936
1634169600,57359.51,3791.66,181.5,0.328588
1634256000,61695.39,3869.73,189.63,0.336166
1634342400,60877.42,3829.66,186.05,0.327904
1634428800,61527.11,3847.18,183.73,0.339755
1634515200,62042.41,3745.48,185.63,0.3262
1634601600,64303.14,3878.17,188.73,0.292995
1634688000,66026.54,4161.94,207.32,0.286483
1634774400,62204.02,4053.9,196.81,0.297311
1634860800,60687.64,3971.55,190.98,0.287527
1634947200,61300.01,4168.56,196.42,0.306487
1635033600,60854.48,4082.64,190.48,0.273604
1635120000,63083.54,4220.93,195.37,0.26111
1635206400,60337.62,4131.47,197.51,0.274752
1635292800,58455.47,3923.94,179.35,0.275819
1635379200,60591.65,4288.26,189.89,0.253472
1635465600,62276.72,4421.23,196.69,0.2677
1635552000,61892.41,4324.67,190.38,0.272794
1635638400,61343.68,4290.16,192.01,0.256117
1635724800,60949.54,4322.89,197.65,0.254258
1635811200,63266.51,4595.01,201.03,0.255929
1635897600,62935.41,4606.07,207.31,0.253885
1635984000,61444.5,4537.15,202.9,0.25839
1636070400,61006.15,4479.47,199.13,0.267972
1636156800,61539.31,4523.16,197.77,0.267724
1636243200,63309.13,4617.02,202.23,0.287776
1636329600,67554.84,4811.9,229.11,0.278628
1636416000,66944.66,4731.59,262.16,0.290047
1636502400,64912.2,4632.22,260.18,0.291987
1636588800,64807.59,4721.87,262.3,0.300288
1636675200,64147.9,4667.34,251.23,0.274101
1636761600,64400.01,4644.44,257.74,0.266803
1636848000,65505.02,4627.03,279.36,0.268
1636934400,63624.59,4565.06,263.05,0.266478
1637020800,60107.98,4209.5,230.37,0.276802
1637107200,60351.51,4289.4,229.57,0.292273
1637193600,56898.0,3997.93,204.24,0.290288
1637280000,58122.16,4299.55,218.12,0.279308
1637366400,59760.76,4416.69,227.0,0.26604
1637452800,58671.21,4262.99,221.48,0.2675
1637539200,56280.81,4089.16,209.22,0.257021
1637625600,57566.85,4341.62,216.32,0.255091
1637712000,57162.66,4270.74,212.21,0.261185
1637798400,58987.27,4525.87,223.05,0.253061
1637884800,53757.67,4043.67,195.78,0.263177
1637971200,54759.05,4098.31,195.36,0.282353
1638057600,57317.17,4298.38,199.64,0.269407
1638144000,57838.06,4449.42,205.8,0.265375
1638230400,56987.97,4634.95,207.97,0.259056
1638316800,57226.5,4586.95,208.91,0.259124
1638403200,56521.46,4514.59,203.63,0.256133
1638489600,53638.04,4216.93,188.21,0.253995
1638576000,49241.12,4123.13,162.9,0.245567
1638662400,49484.22,4203.22,156.63,0.231498
1638748800,50529.56,4354.22,161.61,0.202862
1638835200,50625.48,4310.19,162.03,0.19237
1638921600,50519.68,4440.51,165.21,0.201066
1639008000,47568.43,4106.06,151.4,0.198106
1639094400,47170.94,3900.91,148.49,
1639180800,49407.75,4091.18,158.07,
1639267200,50089.64,4132.92,159.0,
1639353600,46727.89,3783.81,144.62,
1639440000,48367.43,3860.74,150.5,
1639526400,48884.78,4021.53,153.65,
1639612800,47634.22,3957.28,148.79,
1639699200,46166.5,3876.02,144.12,
1639785600,46859.46,3961.92,148.75,
1639872000,46687.19,3925.79,153.31,
1639958400,46926.07,3946.16,152.71,
1640044800,48914.7,4017.11,154.8,
1640131200,48608.62,3981.12,155.44,
1640217600,50842.2,4113.08,163.74,
1640304000,50851.38,4049.65,161.35,
1640390400,50428.31,4097.43,158.0,
1640476800,50801.79,4065.91,155.96,
1640563200,50717.77,4038.64,155.78,
1640649600,47543.09,3793.67,145.67,
1640736000,46471.24,3630.59,145.62,
1640822400,47122.08,3710.02,147.94,
1640908800,46211.24,3675.8,146.15,
1640995200,47733.43,3765.72,150.83,
1641081600,47299.07,3828.87,151.2,
1641168000,46459.56,3766.04,148.43,
1641254400,45814.61,3785.0,146.44,
1641340800,43436.04,3539.0,135.32,
1641427200,43083.76,3406.03,135.9,
1641513600,41565.18,3198.82,131.34,
1641600000,41684.84,3080.48,129.51,
1641686400,41876.52,3151.66,130.91,
1641772800,41824.07,3083.51,126.52,
1641859200,42753.44,3240.83,131.67,
1641945600,43920.37,3373.64,142.02,
1642032000,42581.65,3241.88,136.82,
1642118400,43090.72,3310.45,144.84,
1642204800,43098.2,3328.12,147.73,
1642291200,43104.34,3349.46,146.49,
1642377600,42218.01,3210.98,151.19,
1642464000,42369.74,3160.81,141.53,
1642550400,41674.27,3085.27,136.2,
1642636800,40670.97,3000.94,129.8,
1642723200,36456.94,2569.01,114.51,
1642809600,35066.43,2411.9,108.41,
1642896000,36282.47,2541.19,112.35,
1642982400,36693.32,2441.74,109.65,
